id,sentence,valid_labels,your_label
1,we first contribute an analysis of how fine-grained divergences in training data affect nmt quality and confidence.,"['1.0', '1.1', '1.2', '1.3']",
2,"conversely, when the length is set to be very large there is a disadvantage that the memory usage is very large while including a lot of frames.","['1.0', '1.1', '1.2', '1.3']",
3,"we claim that predicting the correspondences is not only sufficient, but also more appropriate for driving monocular 3d reconstruction: it spares us from the use of any additional geometric priors and also yields state-of-the-art results while only relying on a single camera hypothesis.","['1.0', '1.1', '1.2', '1.3']",
4,"from our discussion so far, it can be ascertained that there is a lack of agriculture robots that can provide complete automation of common farming processes such as ploughing, sowing, watering, etc.","['1.0', '1.1', '1.2', '1.3']",
5,"finding a pre-existing game satisfying both of these requirements seemed unlikely, so we extended an existing case study to something more akin to a real game, with a view to developing it as a mobile application from which to collect data.","['1.0', '1.1', '1.2', '1.3']",
6,another research question was how do these models generalize to other contextual settings?,"['1.0', '1.1', '1.2', '1.3']",
7,"our methods iteratively update the point and graph embeddings and then select a steiner point until meeting the stopping criterion, which is different from previous methods that only compute the embeddings once.","['1.0', '1.1', '1.2', '1.3']",
8,"this performs relatively well for classification but the more challenging
detection task still lacks few-shot alternatives.","['1.0', '1.1', '1.2', '1.3']",
9,it remains unclear how to implement the “voting” operation for the embedding vector.,"['1.0', '1.1', '1.2', '1.3']",
10,we also observe that a large number of crucial domains is not or only superficially covered by existing vocabularies.,"['1.0', '1.1', '1.2', '1.3']",
11,we are far from exploring the large number of possible supervised learning concepts.,"['1.0', '1.1', '1.2', '1.3']",
12,there are two main practical issues with this assumption.,"['1.0', '1.1', '1.2', '1.3']",
13,lm-based red teaming enables us to find tens of thousands of diverse failure cases without writing them by hand.,"['1.0', '1.1', '1.2', '1.3']",
14,"even though, a classifier is trained and post-processed to maximize classification and calibration accuracy for class imbalanced datasets, there may still be significant performance drops across under-represented sub-populations present in the dataset population.","['1.0', '1.1', '1.2', '1.3']",
15,"however, the literature still lacks an in-depth evaluation of these algorithms' robustness in challenging situations.","['1.0', '1.1', '1.2', '1.3']",
16,"however, those works still face several limitations.","['1.0', '1.1', '1.2', '1.3']",
17,"inspired by this paper, we take a step further, and explore if these attacks can be used in camera localization so as to achieve greater robustness for cross-weather adaptation.","['1.0', '1.1', '1.2', '1.3']",
18,[5]} ([5]}) (section 5.3) seek to identify assumptions that shape the calculus of environmental impact for foundation models.,"['1.0', '1.1', '1.2', '1.3']",
19,"while star fragments appear in our process calculi syntactically, it is unclear how to give a similarly uniform axiomatisation.","['1.0', '1.1', '1.2', '1.3']",
20,"this violates the independent, identically-distributed (iid) assumption commonly used in evaluating machine learning models.","['1.0', '1.1', '1.2', '1.3']",
21,dense connectivity reduces the utility of qa.,"['1.0', '1.1', '1.2', '1.3']",
22,"however, they just automatically generate adversarial responses by copying words in the context.","['1.0', '1.1', '1.2', '1.3']",
23,"similarly, it is possible to train differentially private deep learning [2]}, [3]} models by extending the methods from the statistical literature to the universal function approximators in neural networks.","['1.0', '1.1', '1.2', '1.3']",
24,"yet, as machine learning is relatively new to space weather, the accuracy of these forecasts, and more generally, which neural network topologies to utilize, are unclear.","['1.0', '1.1', '1.2', '1.3']",
25,forks are an issue because they represent possibly conflicting histories.,"['1.0', '1.1', '1.2', '1.3']",
26,motif will also allow for new research toward predicting task ambiguity that would arise in real use cases of these ai systems.,"['1.0', '1.1', '1.2', '1.3']",
27,"first, we improve the deep spectral convolution network (dscn) model [1]} by introducing modifications to the architecture.","['1.0', '1.1', '1.2', '1.3']",
28,"towards the shortcomings of the feature engineering approaches, we first propose an attention-based neural network model for zero pronoun resolution.","['1.0', '1.1', '1.2', '1.3']",
29,"however, these procedures typically face a trade-off between returning correct feasibility declarations and increasing the quality of the returned solutions.","['1.0', '1.1', '1.2', '1.3']",
30,"one might ask a question, can we somehow select better features for network training?","['1.0', '1.1', '1.2', '1.3']",
31,we propose an interactive attention approach between the content representations and the hierarchical labels to fuse the information in the hierarchical labels with the input representations for better learning and convergence.,"['1.0', '1.1', '1.2', '1.3']",
32,"perhaps more importantly, the use of bug reports removes the need for knowledge of the targeted system or code.","['1.0', '1.1', '1.2', '1.3']",
33,"training data sets usually contain many irrelevant samples, which do not contribute to improving detection accuracy.","['1.0', '1.1', '1.2', '1.3']",
34,"simulation
bridges the gap by enabling rapid comparisons between the designs,
giving an approximation of the system's performance.","['1.0', '1.1', '1.2', '1.3']",
35,"furthermore, the efficiency of running specific algorithms is not optimized inside the enclave in the original applications.","['1.0', '1.1', '1.2', '1.3']",
36,"we show that performance counters cannot simply be used in high-performance environments as suggested by previous work [1]}, [2]}, [3]}, [4]}, [5]}, [6]}, [7]}, as such a usage incurs non-negligible performance overheads.","['1.0', '1.1', '1.2', '1.3']",
37,"the reason why is simple—chaining offers one guarantee, referential stability, that is not offered by most other hash tables designs.","['1.0', '1.1', '1.2', '1.3']",
38,"in the field of machine learning (ml), existing literature has demonstrated successful applications of deep reinforcement learning (rl) to challenging tasks with visual inputs, however, it is unclear whether these agents reason similarly as we do.","['1.0', '1.1', '1.2', '1.3']",
39,"inspired by two natural examples, we consider the question of whether we can improve on the accuracy by exploiting independence properties in the features of the data.","['1.0', '1.1', '1.2', '1.3']",
